model,family,type,val_psnr,val_ssim,test_psnr,test_ssim
SRGAN_ResNet_GLOSS,GLOSS,SRGAN,29.111517736392507,0.8444905615602699,29.103819677193584,0.845732436364578
SRResNet_GLOSS,GLOSS,SRResNet,32.32879788786061,0.8868737788807819,32.33631781709671,0.8876792293753233
SRGAN_ResNet_HUBER,HUBER,SRGAN,29.147704516554693,0.8396639763376479,29.15054304290736,0.8410449492390154
SRResNet_HUBER,HUBER,SRResNet,32.36982404768262,0.8871832355815001,32.380372608511465,0.8879425554281757
SRGAN_ResNet_L1,L1,SRGAN,28.4378109773873,0.8361918669714237,28.44042884849748,0.8374591486388285
SRResNet_L1,L1,SRResNet,32.11225547890041,0.8863681657284412,32.123324514973916,0.8872141441565672
SRGAN_ResNet_MS-SSIM,MS-SSIM,SRGAN,29.324915137381574,0.841605204985624,29.316546985952975,0.8428868899835049
SRResNet_MS-SSIM,MS-SSIM,SRResNet,32.2502088421342,0.8921488009342586,32.25611782112237,0.892916938384683
SRGAN_ResNet_MS-SSIM + L1,MS-SSIM + L1,SRGAN,29.101095483006546,0.8341228091162606,29.094909171184725,0.8353574497087058
SRResNet_MS-SSIM + L1,MS-SSIM + L1,SRResNet,32.179448965887175,0.8920293672025859,32.18207022827614,0.8927529051560819
SRGAN_ResNet_MSE,MSE,SRGAN,29.09491345785863,0.8459546887452192,29.095485093750415,0.8471322948141514
SRResNet_MSE,MSE,SRResNet,32.36349959414249,0.8874332847724955,32.37270648518869,0.888195646178685
SRGAN_ResNet_SSIM-LOSS,SSIM-LOSS,SRGAN,29.94517490042206,0.8470849772379088,29.94558608970508,0.8482275309146808
SRResNet_SSIM-LOSS,SSIM-LOSS,SRResNet,31.984344642280014,0.890796447902457,31.994360948520207,0.8914628773231151
